question,reply
Hello,Hello! Welcome to our trading community. How can we help you today?
Hi,Hi there! Great to have you here. Let us know if you have any forex questions!
Thanks ,You are very welcome! Happy trading and stay safe out there.
Useful,Glad you found it helpful! Make sure to save this post for future reference.
Scam? ,We always recommend checking official regulators like the FCA or ASIC before investing.
Accurate,Thank you! We strive to provide the most precise market analysis possible.
How?,Check out our "Beginner Education" highlight reel or link in bio to start learning!
Analysis?,We post fresh technical and fundamental market updates every single day. Stay tuned!
Regulated?,Always verify the broker's license number directly on the official regulator's website.
Wow,Glad you liked the content! Drop us a DM if you want to learn more.
Good analysis,Thank you! We update our charts daily to help you stay ahead of the market.
Which broker?,"Always choose brokers regulated by Tier-1 authorities like the FCA, ASIC, or CySEC."
Help please.,"Of course! Are you looking for market analysis, broker reviews, or beginner guides?"
Is fake?,Many offshore brokers are risky. Check our blacklist or DM us the broker name to verify.
Next trend?,Check our latest post for the full breakdown of the EUR/USD and Gold trends!
Start learning. ,Welcome aboard! We highly recommend starting with our "Forex 101" guide in the bio link.
Lost money. , We are sorry to hear that. Risk management is key—never risk more than 1-2% per trade.
Safe broker? ,Look for tight regulation and negative balance protection. DM us the broker you are considering!
What leverage? ," For beginners, we highly recommend keeping leverage low (e.g., 1:10 to 1:30) to manage risk."
Trade signal? ," We provide market analysis and education, not direct signals. Trade safely based on strategy!"
Gold target today?  ,Our technical analysis shows strong resistance at the current level. See our daily chart post!
 This broker legit?," Send us their name or license number via DM, and we will help you verify their regulation."
 I am beginner. , Awesome! Start with understanding Pip values and Risk Management. Check our education guide!
EURUSD going up? ," The daily trend looks bullish, but watch out for the upcoming NFP news release today."
 How avoid scams? ,Never trust brokers promising "guaranteed returns." Legitimate trading always involves risk.
Best leverage ratio?  ,"It depends on your risk appetite, but 1:30 is a safe starting standard for retail traders."
What is pip? , A Pip is the smallest price move a currency makes. Check our "Forex 101" post for visual examples!
Check this broker. ,"Drop us a DM with their website link, and our team will look up their regulatory status for you."
News trading strategy?, Trading during high-impact news can be highly volatile. It's often safer for beginners to sit out.
Learn forex free? , Yes! All our educational content on this page is 100% free. Happy learning!
 When to buy EURUSD? ,We just posted a detailed breakdown of the major support zones for EURUSD. Go check it out!
 Is this broker regulated? ,"Let us know which broker you are talking about, and we can check their regulatory database."
What is margin call? ,A margin call happens when your account equity falls below the broker's required minimum. Trade safely!
Market trend for today? ,Today's market is heavily driven by the upcoming Fed meeting. Check our stories for live updates!
They stole my money. ,We are so sorry. Please gather all transaction receipts and file a report with your local financial authority.
Best time to trade? , The London and New York session overlap (8:00 AM–12:00 PM EST) usually offers the highest liquidity.
Guide me please friend. , We'd love to! Check out our pinned posts for a complete step-by-step roadmap for forex beginners.
 Avoid cloning broker scams. , Spot on! Always double-check the broker's official website URL against the regulator's registry.
Support and resistance tutorial?,Great idea! We have an interactive carousel guide on drawing key levels coming out tomorrow.
Is leverage too risky? ," High leverage magnifies both gains and losses. Used incorrectly, it can wipe out an account instantly."
Can I trust offshore brokers? ,"Generally, offshore brokers offer less investor protection. It's safer to stick with FCA, ASIC, or CySEC regulated ones."
What is your strategy today? ,Today we are looking for pullback entries on USDJPY near the daily support line. Check our story for details!
Please explain risk reward ratio. , A 1:2 risk-reward ratio means you risk $1 to make $2. This ensures you can be profitable even with a 50% win rate.
Is this platform a scam? ," Many cloned platforms look real. Drop us their website link in the DMs, and we will verify their credentials."
 How to read economic calendar?,"Focus on ""High Impact"" (red) events like CPI or NFP, as they cause the most sudden market movements."
 I lost all my savings.,We are deeply saddened to hear this. Please never risk money you cannot afford to lose. Avoid unregulated "recovery" scams.
 Which indicators do you use?, We primarily use price action along with the Moving Average (200 EMA) and RSI for trend confirmation.
 Tell me about regulatory licenses. ," Tier-1 licenses (FCA, ASIC) offer compensation funds and negative balance protection. Always prioritize these."
 How much money to start? ," You can start with a demo account for free! For live accounts, many brokers allow starting with as little as $100."
AI slop,"Smart tools, human brains! We double-check every chart and regulation to make sure you get high-quality data. Happy trading!"
Is technical analysis better than fundamental? ,"Both are crucial! Technical analysis helps you find entry points, while fundamental analysis explains the ""why"" behind long-term trends."
This broker refuses to withdraw funds. ,This is a major red flag of a scam broker. Reach out to the regulator they claim to be licensed by immediately.
What is the best currency pair?,"For beginners, EUR/USD and GBP/USD are the best due to high liquidity, low spreads, and predictable movements."
 How do I spot fake reviews? ,"Beware of reviews that sound overly robotic or promise 100% guaranteed profits. Trust verified, independent financial forums instead."
Can you check ASIC license status? ,"Absolutely! Go to the official ASIC register online, type in the broker's 6-digit license number, and check if it's currently active."
 What does spread mean in trading? ,The spread is the difference between the buy (ask) and sell (bid) price. It is essentially the cost of opening a trade.
I need a stop loss guide. ,A stop loss is your safety net! Always place it at a level where your trade idea is proven wrong. See our pinned post.
 Is the US Dollar going down? ,The DXY (Dollar Index) is currently testing a major support level. A break below this could signal further downside. Stay tuned!
 Are trading bots safe to use? ,"Most commercial bots fail over time. If you use one, test it thoroughly on a demo account first and monitor it closely."
 How do I practice without risking? , Open a free Demo Account with a regulated broker. It lets you trade live market conditions using virtual money!
 Why did Gold drop so suddenly today?," The drop was triggered by stronger-than-expected US economic data, which boosted the Dollar and pushed Gold prices down."
Is a CySEC license safe for traders?  ,"Yes, CySEC is a solid Tier-2 European regulator. It offers investor compensation schemes, though FCA or ASIC are slightly stricter."
 How do I handle emotions while trading?  ,"Stick strictly to your trading plan, use proper position sizing, and accept that taking losses is a normal part of the business."
This account manager promised guaranteed weekly returns,.Block them immediately! No legitimate trader or broker can guarantee returns in forex. This is a classic Ponzi scam tactic.
Can you explain the head and shoulders?  ,It’s a classic trend reversal pattern! A bearish head and shoulders signals that an uptrend is losing steam and turning downward.
 What is the difference between market orders? ," A market order executes instantly at the current price, while a limit order only executes when the price reaches your specific target."
Is this AI？,"AI helps us do the heavy lifting with charts and formatting, but the trading brain and market experience behind this account are 100% human! How can we help your trading today?"
I keep blowing up my demo accounts.,Take a step back and look at your lot sizes. You might be treating it like a casino. Trade it exactly like real money!
Where can I report a scam broker? , You can report them to your local financial regulator (like the FTC or FCA) and expose them on community forums to warn others.
 Great ,Thank you! We appreciate your support.
Nice  ,Glad you liked it! Stay tuned for more daily updates.
Perfect ,Thanks! We hope this helps your trading journey today.
Cool ,Awesome! Feel free to save this post for later reference.
Fake? ,We only share verified data. Let us know which part you mean!
 Interesting , It really is! Forex markets always have something new to offer.
 True ,Absolutely. Risk management is the most important part of trading.
 Help ,We are here for you! Please send us a DM with your question.
Share ,Thank you! Sharing helps us protect more traders from scams.
Guide ,You can find our complete beginner roadmap via the link in our bio!
Very helpful.  ,Happy to help! Our goal is to make forex easier to understand.
Stop loss?  ,Always use one! It protects your account from unexpected market moves.
Which platform? ,"We recommend using MT4, MT5, or TradingView for your market charts."
 Big scam. ,Stay safe! Always check our blacklist before sending money anywhere.
Bullish trend?,The charts are showing strong buying pressure at the moment. Keep watching!
I'm new. ,Welcome! Check out our pinned educational guides to get started safely.
Lost trade.  ,"Losses happen to everyone. Take a break, look at your strategy, and restart."
Regulated where? ,This specific broker is licensed under the FCA in the United Kingdom.
Pure gold.,Thank you! We put a lot of work into tracking these market trends.
 Check DM. ,On it! Our team will reply to your message as soon as possible.
Market open yet? ,"Yes, the global forex market runs 24 hours a day, 5 days a week."
Avoid this broker., Thank you for the warning! Protecting the community is our top priority.
Explain leverage please., Leverage lets you control larger positions with a smaller deposit. Use it carefully!
 Daily profit target?  ,It is safer to focus on risk percentages rather than fixed profit amounts.
 Is FCA good? ,"Yes, the FCA is a Tier-1 regulator and offers excellent trader protection."
Sending you message. , Great! We look forward to helping you with your forex questions.
Love this analysis. ,Much appreciated! We update these technical setups every single morning.
 What is margin? , Margin is the minimum money required in your account to keep a position open.
They blocked withdrawals. ,That is a huge warning sign. Please send us their name via DM immediately.
Best timeframes used?,We look at the Daily chart for trends and the 1-Hour chart for entries.
I want to build a strict trading plan from scratch. What are the absolute essential elements I need to include? Y,"our Trading Plan Checklist: 1. Your specific asset watchlist. 2. Exact entry triggers (e.g., candlestick patterns). 3. Hard stop-loss and take-profit placement rules. 4. Max daily risk limit (e.g., maximum 2% loss per day). Keep it strict!"
